[
  {"id":1,"priority":1,"action":{"type":"block"},"condition":{"urlFilter":"||doubleclick.net^","resourceTypes":["script","image","xmlhttprequest","sub_frame","stylesheet","font","media","websocket","other"],"domainType":"thirdParty"}},
  {"id":2,"priority":1,"action":{"type":"block"},"condition":{"urlFilter":"||googlesyndication.com^","resourceTypes":["script","image","xmlhttprequest","sub_frame","stylesheet","font","media","websocket","other"],"domainType":"thirdParty"}},
  {"id":3,"priority":1,"action":{"type":"block"},"condition":{"urlFilter":"||googleadservices.com^","resourceTypes":["script","image","xmlhttprequest","sub_frame","stylesheet","font","media","websocket","other"],"domainType":"thirdParty"}},
  {"id":4,"priority":1,"action":{"type":"block"},"condition":{"urlFilter":"||google-analytics.com^","resourceTypes":["script","image","xmlhttprequest","sub_frame","stylesheet","font","media","websocket","other"],"domainType":"thirdParty"}},
  {"id":5,"priority":1,"action":{"type":"block"},"condition":{"urlFilter":"||googletagmanager.com^","resourceTypes":["script","image","xmlhttprequest","sub_frame","stylesheet","font","media","websocket","other"],"domainType":"thirdParty"}},
  {"id":6,"priority":1,"action":{"type":"block"},"condition":{"urlFilter":"||scorecardresearch.com^","resourceTypes":["script","image","xmlhttprequest","sub_frame","stylesheet","font","media","websocket","other"],"domainType":"thirdParty"}},
  {"id":7,"priority":1,"action":{"type":"block"},"condition":{"urlFilter":"||facebook.net^","resourceTypes":["script","image","xmlhttprequest","sub_frame","stylesheet","font","media","websocket","other"],"domainType":"thirdParty"}},
  {"id":8,"priority":1,"action":{"type":"block"},"condition":{"urlFilter":"||connect.facebook.net^","resourceTypes":["script","image","xmlhttprequest","sub_frame","stylesheet","font","media","websocket","other"],"domainType":"thirdParty"}},
  {"id":9,"priority":1,"action":{"type":"block"},"condition":{"urlFilter":"||graph.facebook.com^","resourceTypes":["script","image","xmlhttprequest","sub_frame","stylesheet","font","media","websocket","other"],"domainType":"thirdParty"}},
  {"id":10,"priority":1,"action":{"type":"block"},"condition":{"urlFilter":"||adnxs.com^","resourceTypes":["script","image","xmlhttprequest","sub_frame","stylesheet","font","media","websocket","other"],"domainType":"thirdParty"}},
  {"id":11,"priority":1,"action":{"type":"block"},"condition":{"urlFilter":"||rubiconproject.com^","resourceTypes":["script","image","xmlhttprequest","sub_frame","stylesheet","font","media","websocket","other"],"domainType":"thirdParty"}},
  {"id":12,"priority":1,"action":{"type":"block"},"condition":{"urlFilter":"||mathtag.com^","resourceTypes":["script","image","xmlhttprequest","sub_frame","stylesheet","font","media","websocket","other"],"domainType":"thirdParty"}},
  {"id":13,"priority":1,"action":{"type":"block"},"condition":{"urlFilter":"||criteo.com^","resourceTypes":["script","image","xmlhttprequest","sub_frame","stylesheet","font","media","websocket","other"],"domainType":"thirdParty"}},
  {"id":14,"priority":1,"action":{"type":"block"},"condition":{"urlFilter":"||criteo.net^","resourceTypes":["script","image","xmlhttprequest","sub_frame","stylesheet","font","media","websocket","other"],"domainType":"thirdParty"}},
  {"id":15,"priority":1,"action":{"type":"block"},"condition":{"urlFilter":"||taboola.com^","resourceTypes":["script","image","xmlhttprequest","sub_frame","stylesheet","font","media","websocket","other"],"domainType":"thirdParty"}},
  {"id":16,"priority":1,"action":{"type":"block"},"condition":{"urlFilter":"||outbrain.com^","resourceTypes":["script","image","xmlhttprequest","sub_frame","stylesheet","font","media","websocket","other"],"domainType":"thirdParty"}},
  {"id":17,"priority":1,"action":{"type":"block"},"condition":{"urlFilter":"||quantserve.com^","resourceTypes":["script","image","xmlhttprequest","sub_frame","stylesheet","font","media","websocket","other"],"domainType":"thirdParty"}},
  {"id":18,"priority":1,"action":{"type":"block"},"condition":{"urlFilter":"||moatads.com^","resourceTypes":["script","image","xmlhttprequest","sub_frame","stylesheet","font","media","websocket","other"],"domainType":"thirdParty"}},
  {"id":19,"priority":1,"action":{"type":"block"},"condition":{"urlFilter":"||bluekai.com^","resourceTypes":["script","image","xmlhttprequest","sub_frame","stylesheet","font","media","websocket","other"],"domainType":"thirdParty"}},
  {"id":20,"priority":1,"action":{"type":"block"},"condition":{"urlFilter":"||demdex.net^","resourceTypes":["script","image","xmlhttprequest","sub_frame","stylesheet","font","media","websocket","other"],"domainType":"thirdParty"}},
  {"id":21,"priority":1,"action":{"type":"block"},"condition":{"urlFilter":"||everesttech.net^","resourceTypes":["script","image","xmlhttprequest","sub_frame","stylesheet","font","media","websocket","other"],"domainType":"thirdParty"}},
  {"id":22,"priority":1,"action":{"type":"block"},"condition":{"urlFilter":"||openx.net^","resourceTypes":["script","image","xmlhttprequest","sub_frame","stylesheet","font","media","websocket","other"],"domainType":"thirdParty"}},
  {"id":23,"priority":1,"action":{"type":"block"},"condition":{"urlFilter":"||pubmatic.com^","resourceTypes":["script","image","xmlhttprequest","sub_frame","stylesheet","font","media","websocket","other"],"domainType":"thirdParty"}},
  {"id":24,"priority":1,"action":{"type":"block"},"condition":{"urlFilter":"||bidswitch.net^","resourceTypes":["script","image","xmlhttprequest","sub_frame","stylesheet","font","media","websocket","other"],"domainType":"thirdParty"}},
  {"id":25,"priority":1,"action":{"type":"block"},"condition":{"urlFilter":"||serving-sys.com^","resourceTypes":["script","image","xmlhttprequest","sub_frame","stylesheet","font","media","websocket","other"],"domainType":"thirdParty"}},
  {"id":26,"priority":1,"action":{"type":"block"},"condition":{"urlFilter":"||adroll.com^","resourceTypes":["script","image","xmlhttprequest","sub_frame","stylesheet","font","media","websocket","other"],"domainType":"thirdParty"}},
  {"id":27,"priority":1,"action":{"type":"block"},"condition":{"urlFilter":"||yandex.ru^","resourceTypes":["script","image","xmlhttprequest","sub_frame","stylesheet","font","media","websocket","other"],"domainType":"thirdParty"}},
  {"id":28,"priority":1,"action":{"type":"block"},"condition":{"urlFilter":"||mc.yandex.ru^","resourceTypes":["script","image","xmlhttprequest","sub_frame","stylesheet","font","media","websocket","other"],"domainType":"thirdParty"}},
  {"id":29,"priority":1,"action":{"type":"block"},"condition":{"urlFilter":"||chartbeat.com^","resourceTypes":["script","image","xmlhttprequest","sub_frame","stylesheet","font","media","websocket","other"],"domainType":"thirdParty"}},
  {"id":30,"priority":1,"action":{"type":"block"},"condition":{"urlFilter":"||nr-data.net^","resourceTypes":["script","image","xmlhttprequest","sub_frame","stylesheet","font","media","websocket","other"],"domainType":"thirdParty"}},
  {"id":31,"priority":1,"action":{"type":"block"},"condition":{"urlFilter":"||tiqcdn.com^","resourceTypes":["script","image","xmlhttprequest","sub_frame","stylesheet","font","media","websocket","other"],"domainType":"thirdParty"}},
  {"id":32,"priority":1,"action":{"type":"block"},"condition":{"urlFilter":"||hotjar.com^","resourceTypes":["script","image","xmlhttprequest","sub_frame","stylesheet","font","media","websocket","other"],"domainType":"thirdParty"}},
  {"id":33,"priority":1,"action":{"type":"block"},"condition":{"urlFilter":"||hotjar.io^","resourceTypes":["script","image","xmlhttprequest","sub_frame","stylesheet","font","media","websocket","other"],"domainType":"thirdParty"}},
  {"id":34,"priority":1,"action":{"type":"block"},"condition":{"urlFilter":"||sentry.io^","resourceTypes":["script","image","xmlhttprequest","sub_frame","stylesheet","font","media","websocket","other"],"domainType":"thirdParty"}},
  {"id":35,"priority":1,"action":{"type":"block"},"condition":{"urlFilter":"||segment.com^","resourceTypes":["script","image","xmlhttprequest","sub_frame","stylesheet","font","media","websocket","other"],"domainType":"thirdParty"}},
  {"id":36,"priority":1,"action":{"type":"block"},"condition":{"urlFilter":"||cdn.segment.com^","resourceTypes":["script","image","xmlhttprequest","sub_frame","stylesheet","font","media","websocket","other"],"domainType":"thirdParty"}},
  {"id":37,"priority":1,"action":{"type":"block"},"condition":{"urlFilter":"||mixpanel.com^","resourceTypes":["script","image","xmlhttprequest","sub_frame","stylesheet","font","media","websocket","other"],"domainType":"thirdParty"}},
  {"id":38,"priority":1,"action":{"type":"block"},"condition":{"urlFilter":"||mxpnl.com^","resourceTypes":["script","image","xmlhttprequest","sub_frame","stylesheet","font","media","websocket","other"],"domainType":"thirdParty"}},
  {"id":39,"priority":1,"action":{"type":"block"},"condition":{"urlFilter":"||omtrdc.net^","resourceTypes":["script","image","xmlhttprequest","sub_frame","stylesheet","font","media","websocket","other"],"domainType":"thirdParty"}},
  {"id":40,"priority":1,"action":{"type":"block"},"condition":{"urlFilter":"||moatpixel.com^","resourceTypes":["script","image","xmlhttprequest","sub_frame","stylesheet","font","media","websocket","other"],"domainType":"thirdParty"}},
  {"id":41,"priority":1,"action":{"type":"block"},"condition":{"urlFilter":"||adobedtm.com^","resourceTypes":["script","image","xmlhttprequest","sub_frame","stylesheet","font","media","websocket","other"],"domainType":"thirdParty"}},
  {"id":42,"priority":1,"action":{"type":"block"},"condition":{"urlFilter":"||twitter.com/i/adsct","resourceTypes":["xmlhttprequest","image","script","other"],"domainType":"thirdParty"}},
  {"id":43,"priority":1,"action":{"type":"block"},"condition":{"urlFilter":"||t.co/i/adsct","resourceTypes":["xmlhttprequest","image","script","other"],"domainType":"thirdParty"}},
  {"id":44,"priority":1,"action":{"type":"block"},"condition":{"urlFilter":"||snapads.com^","resourceTypes":["xmlhttprequest","image","script","other"],"domainType":"thirdParty"}},
  {"id":45,"priority":1,"action":{"type":"block"},"condition":{"urlFilter":"||tapad.com^","resourceTypes":["xmlhttprequest","image","script","other"],"domainType":"thirdParty"}},
  {"id":46,"priority":1,"action":{"type":"block"},"condition":{"urlFilter":"||everestjs.net^","resourceTypes":["xmlhttprequest","image","script","other"],"domainType":"thirdParty"}},
  {"id":47,"priority":1,"action":{"type":"block"},"condition":{"urlFilter":"||outbrainimg.com^","resourceTypes":["image","other"],"domainType":"thirdParty"}},
  {"id":48,"priority":1,"action":{"type":"block"},"condition":{"urlFilter":"||zedo.com^","resourceTypes":["script","image","xmlhttprequest","other"],"domainType":"thirdParty"}},
  {"id":49,"priority":1,"action":{"type":"block"},"condition":{"urlFilter":"||1rx.io^","resourceTypes":["script","image","xmlhttprequest","other"],"domainType":"thirdParty"}},
  {"id":50,"priority":1,"action":{"type":"block"},"condition":{"urlFilter":"||servebom.com^","resourceTypes":["script","image","xmlhttprequest","other"],"domainType":"thirdParty"}}
]
